n_code	pc_name	type	os	ip_valid	ip_local	mac	net_type	switch	port	shutdown	vlan	motherboard	cpu	ram	hdd	comments	mark	clean_at
9585766959	AB-17SH-BM2	pc	10 Windows	192.168.175.165	192.168.175.165	708bcd82190c	wireless			1	1752	H110M-C	Intel(R) Core(TM) i3-6100 CPU @ 3.70GHz	4096	HDD		0	
2795950689	MA-17SH-DENT	pc	7 Windows	192.168.175.199	192.168.175.199	fcaa1437e26a	wireless			1	1752	H81M-S2PT	Intel(R) Core(TM) i3-4150 CPU @ 3.50GHz	2048	HDD		1	
5222452874	AB-17SH-DR1	pc	7 Windows	192.168.175.157	192.168.175.157	1c6f6527f756	wireless			1	1752	EP41T-UD3L	Pentium(R) Dual-Core  CPU      E5400  @ 2.70GHz	2048	HDD		0	
7724412612	AB-17SH-EZDEVAJ	pc	7 Windows	192.168.175.156	192.168.175.156	50e549cc280d	wireless			1	1752	H61MA-D2V	Intel(R) Core(TM) i3-2100 CPU @ 3.10GHz	2048	HDD		0	
2954704745	AB-17SH-LAB1	pc	7 Windows	192.168.175.175	192.168.175.175	00241d8b811b	wireless			1	1752	EP41-UD3L	Pentium(R) Dual-Core  CPU      E5300  @ 2.60GHz	2048	HDD		0	
1600286198	AB-17SH-LAB2	pc	7 Windows	192.168.175.148	192.168.175.148	0016e63ef937	wireless			1	1752	945PL-S3 	Intel(R) Pentium(R) 4 CPU 3.00GHz	2048	HDD		0	
9137317062	MA-17SH-LAB3	pc	10 Windows	192.168.175.142	192.168.175.142	408d5c96ee64	wireless			1	1752	H81M-S2PH	Intel(R) Core(TM) i3-4170 CPU @ 3.70GHz	4096	HDD		0	2026-02-08
0885727024	MA-17SH-LAB4	pc	10 Windows	192.168.175.176	192.168.175.176	38d547775857	wireless			1	1752	H110M-C	Intel(R) Core(TM) i3-6100 CPU @ 3.70GHz	4096	HDD		0	
7016684242	AB-17SH-P1-3	pc	10 Windows	192.168.175.138	192.168.175.138	408d5c9370ff	wireless			1	1752	H81M-S2PH	Intel(R) Core(TM) i3-4170 CPU @ 3.70GHz	4096	HDD		0	
2426240446	AB-17SH-P3-1	pc	10 Windows	192.168.175.207	192.168.175.207	408d5c96eeef	wireless			1	1752	H81M-S2PH	Intel(R) Core(TM) i3-4170 CPU @ 3.70GHz	4096	HDD		0	
1081149811	AB-17SH-P3-2	pc	7 Windows	192.168.175.167	192.168.175.167	408d5c96eeac	wireless			1	1752	H81M-S2PH	Intel(R) Core(TM) i3-4170 CPU @ 3.70GHz	4096	HDD		0	
8127028027	AB-17SH-P3-3	pc	7 Windows	192.168.175.155	192.168.175.155	408d5c96f788	wireless			1	1752	H81M-S2PH	Intel(R) Core(TM) i3-4170 CPU @ 3.70GHz	4096	HDD		1	
7391691009	MA-17SH-PAZIRESH	pc	10 Windows	192.168.175.132	192.168.175.132	50e549cc2dc6	wireless			1	1752	H61MA-D2V	Intel(R) Core(TM) i3-2100 CPU @ 3.10GHz	2048	HDD		0	
2577371273	AB-17SH-RAVAN	pc	10 Windows	192.168.175.162	192.168.175.162	408d5c96ee30	wireless			1	1752	H81M-S2PH	Intel(R) Core(TM) i3-4170 CPU @ 3.70GHz	4096	HDD		0	
0711783646	AB-17SH-TAGHZIE	pc	10 Windows	192.168.175.159	192.168.175.159	408d5c96ee48	wireless			1	1752	H81M-S2PH	Intel(R) Core(TM) i3-4170 CPU @ 3.70GHz	4096	HDD		0	
5826804717	AB-17SH-VACCINE	pc	7 Windows	192.168.175.172	192.168.175.172	8c89a581a5a3	wireless			1	1752	P41-C33 (MS-7610)	Intel(R) Pentium(R) 4 CPU 3.00GHz	2048	HDD		0	
6998672957	AB-ABBAS-DR	pc	10 Windows	100.80.16.32	192.168.175.166	9439e5dbb5e1	hiweb			0		0FXK2Y	Intel(R) Core(TM) i5-2430M CPU @ 2.40GHz	8192	HDD		0	
7512950941	AB-ABBAS-DRUG	pc	7 Windows	100.80.16.32	192.168.175.140	708bcd817bbb	hiweb			0		H110M-C	Intel(R) Core(TM) i3-6100 CPU @ 3.70GHz	4096	HDD		0	
6568736142	AB-ABBAS-KH1	pc	10 Windows	5.115.142.126	192.168.175.131	38d547775cb5	hiweb			0		H110M-C	Intel(R) Core(TM) i3-6100 CPU @ 3.70GHz	4096	HDD		0	
0304828193	AB-ABBAS-KH2	pc	7 Windows	5.115.142.126	192.168.175.151	444553544f53	hiweb			0		H61M-S2P-B3	Intel(R) Core(TM) i3-2100 CPU @ 3.10GHz	2048	HDD		0	
1817932847	AB-ABBAS-MAMA	pc	7 Windows	100.80.16.32	192.168.175.15	708bcd82107d	hiweb			0		H110M-C	Intel(R) Core(TM) i3-6100 CPU @ 3.70GHz	4096	HDD		0	
8175179965	AB-ABBAS-NAZER	pc	10 Windows	100.80.16.32	192.168.175.35	50e549871a93	hiweb			0		H61M-S2P-B3	Intel(R) Core(TM) i3-2100 CPU @ 3.10GHz	2048	HDD		0	
5422101593	MA-ABBAS-PAZIR	pc	7 Windows	100.80.16.32	192.168.175.29	50e549860544	hiweb			0		H61M-S2P-B3	Intel(R) Core(TM) i3-2100 CPU @ 3.10GHz	2048	HDD		0	
2584968379	AB-AL-AUDIOMETR	pc	7 Windows	192.168.175.143	192.168.175.143	902b3409204f	wireless			1	1752	H61MA-D2V	Intel(R) Core(TM) i3-2120 CPU @ 3.30GHz	2048	HDD		0	
6658537421	AB-AL-BH	pc	10 Windows	192.168.175.168	192.168.175.168	408d5c96ee55	wireless			1	1752	H81M-S2PH	Intel(R) Core(TM) i3-4170 CPU @ 3.70GHz	4096	HDD		0	
5537782279	AB-AL-BM	pc	10 Windows	192.168.175.136	192.168.175.136	708bcd817bee	wireless			1	1752	H110M-C	Intel(R) Core(TM) i3-6100 CPU @ 3.70GHz	4096	HDD		0	
7713299438	AB-AL-DR	pc	7 Windows	192.168.175.160	192.168.175.160	0ae0afb146ca	wireless			1	1752	B75	Intel(R) Core(TM) i5-2500K CPU @ 3.30GHz	2048	HDD		0	
1953150659	AB-AL-FORIAT	pc	7 Windows	192.168.175.191	192.168.175.191	fcaa14b0f885	wireless			1	1752						0	
6625855291	AB-ALG-DR	pc	10 Windows	10.100.253.87	192.168.176.202	1c1b0d3be69e	shams			0		H81M-S2PH	Intel(R) Core(TM) i3-4160 CPU @ 3.60GHz	4096	HDD		0	
7269824787	AB-ALG-DRUG	pc	10 Windows	10.100.253.87	192.168.176.209	1c1b0d713449	shams			0		H81M-S2PH	Intel(R) Core(TM) i3-4160 CPU @ 3.60GHz	4096	HDD		0	
6471558368	AB-ALG-KH1	pc	7 Windows	10.100.252.92	192.168.176.197	408d5c96ee7d	shams			0		H81M-S2PH	Intel(R) Core(TM) i3-4170 CPU @ 3.70GHz	4096	HDD		0	
0548317786	AB-ALG-KH2	pc	7 Windows	10.100.252.92	192.168.176.201	50e5498675e1	shams			0		H61M-S2P-B3	Intel(R) Core(TM) i3-2100 CPU @ 3.10GHz	2048	HDD		0	
3326914136	AB-ALG-KH3	pc	7 Windows	10.100.252.92	192.168.176.203	408d5c96ee76	shams			0		H81M-S2PH	Intel(R) Core(TM) i3-4170 CPU @ 3.70GHz	4096	HDD		0	
4989617629	AB-ALG-MAMA	pc	10 Windows	10.100.253.87	192.168.176.204	1c1b0d7138eb	shams			0		H81M-S2PH	Intel(R) Core(TM) i3-4160 CPU @ 3.60GHz	4096	HDD		0	
4967346047	AB-ALG-NAZER	pc		10.100.253.87			shams			0							1	
9867877652	AB-ALG-PAZIR	pc	10 Windows	10.100.253.87	192.168.176.230	1c1b0d35f485	shams			0		H81M-S2PH	Intel(R) Core(TM) i3-4170 CPU @ 3.70GHz	4096	HDD		0	
4437350430	MA-AL-LAB3	pc	7 Windows	192.168.175.133	192.168.175.133	0ae0afb146ca	wireless			1	1752	EP41-UD3L	Intel(R) Core(TM)2 Duo CPU     E7400  @ 2.80GHz	2048	HDD		1	
2583119499	AB-AL-LAB4	pc	7 Windows	192.168.175.166	192.168.175.166	002354bbeab8	wireless			1	1752	P5KPL-SE	Pentium(R) Dual-Core  CPU      E5200  @ 2.50GHz	2048	HDD		0	
9603546512	AB-AL-MAMA	pc	10 Windows	192.168.175.140	192.168.175.140	408d5c96ee72	wireless			1	1752	H81M-S2PH	Intel(R) Core(TM) i3-4170 CPU @ 3.70GHz	4096	HDD		0	
0268374374	AB-AL-P1-1	pc	7 Windows	192.168.175.130	192.168.175.130	408d5c937264	wireless			1	1752	H81M-S2PH	Intel(R) Core(TM) i3-4170 CPU @ 3.70GHz	4096	HDD		0	
2531232640	AB-AL-P1-2	pc	10 Windows	192.168.175.154	192.168.175.154	408d5c936447	wireless			1	1752	H81M-S2PH	Intel(R) Core(TM) i3-4170 CPU @ 3.70GHz	4096	HDD		1	
1851040387	AB-AL-P1-3	pc	7 Windows	192.168.175.134	192.168.175.134	408d5c937230	wireless			1	1752	H81M-S2PH	Intel(R) Core(TM) i3-4170 CPU @ 3.70GHz	4096	HDD		0	
1661504322	MA-AL-PAZIR	pc	10 Windows	192.168.175.131	192.168.175.131	50e549cc2e63	wireless			1	1752	H61MA-D2V	Intel(R) Core(TM) i3-2100 CPU @ 3.10GHz	4096	HDD		0	2025-12-30
2754400756	MA-AL-TAGHZIE	pc	10 Windows	192.168.175.151	192.168.175.151	50e549cc2563	wireless			1	1752	H61MA-D2V	Intel(R) Core(TM) i3-2100 CPU @ 3.10GHz	2048	HDD		0	2026-01-14
8787491124	AB-AM-BM	pc	7 Windows	192.168.175.15	192.168.175.15	50e549838881	wireless			1	1751	H61M-S2P-B3	Intel(R) Core(TM) i3-2100 CPU @ 3.10GHz	2048	HDD		0	
5674253660	MA-AM-DENT	pc	10 Windows	192.168.175.35	192.168.175.35	1c1b0d7135c7	wireless			1	1751	H81M-S2PH	Intel(R) Core(TM) i3-4160 CPU @ 3.60GHz	4096	HDD		0	
2008795237	MA-AM-DR	pc	10 Windows	192.168.175.29	192.168.175.29	408d5c96ee91	wireless			1	1751	H81M-S2PH	Intel(R) Core(TM) i3-4170 CPU @ 3.70GHz	4096	HDD		1	
3021215510	MA-AMIRBOSTAGH	pc	7 Windows			50e54983ea79	mci			0		H61M-S2P-B3	Intel(R) Core(TM) i3-2100 CPU @ 3.10GHz	2048	HDD		0	
9079692148	AB-AM-KH1	pc	7 Windows	10.100.252.235		408d5c96e512	shams			0		H81M-S2PH	Intel(R) Core(TM) i3-4170 CPU @ 3.70GHz	4096	HDD		0	
6334814519	AB-AM-KH2	pc	7 Windows	10.100.252.235	192.168.176.213	408d5c96ee50	shams			0		H81M-S2PH	Intel(R) Core(TM) i3-4170 CPU @ 3.70GHz	4096	HDD		0	
4434996456	AB-AM-KH3	pc	7 Windows	10.100.252.235	192.168.176.76	50e549874a40	shams			0		H61M-S2P-B3	Intel(R) Core(TM) i3-2100 CPU @ 3.10GHz	2048	HDD		0	
3170539031	AB-AM-LAB	pc	7 Windows	192.168.175.38	192.168.175.38	fcaa1439af0b	wireless			1	1751	H81M-S2PT	Intel(R) Pentium(R) CPU G3220 @ 3.00GHz	2048	HDD		0	
2547706097	AB-AM-MAMA	pc	10 Windows	192.168.175.31	192.168.175.31	408d5c96ee84	wireless			1	1751	H81M-S2PH	Intel(R) Core(TM) i3-4170 CPU @ 3.70GHz	4096	HDD		0	
3226913701	MA-AM-NAZER	pc	10 Windows	192.168.175.21	192.168.175.21	50e549cc27ef	wireless			1	1751	H61MA-D2V	Intel(R) Core(TM) i3-2100 CPU @ 3.10GHz	2048	HDD		0	
8491450518	AB-AMOOZESH1	pc	10 Windows	192.168.165.90	192.168.165.90	708bcd8211f9	fiber	sw-a	Fa0/7	1	165	H110M-C	Intel(R) Core(TM) i3-6100 CPU @ 3.70GHz	4096	HDD		0	
2776511798	MA-AMOOZESH2	pc	10 Windows	192.168.165.48	192.168.165.48	1c6f65c498bc	fiber	sw-a	Fa0/23	1	165	H61M-D2-B3	Intel(R) Core(TM) i3-2100 CPU @ 3.10GHz	4096	HDD		0	
8408207742	AB-AMOOZESH3	pc	7 Windows	192.168.165.87	192.168.165.87	00241dddc10a	fiber	sw-c	Gi1/0/31	1	165	EP41-UD3L	Pentium(R) Dual-Core  CPU      E5400  @ 2.70GHz	2048	HDD		0	
3711503626	MA-AM-PAZIR	pc	7 Windows	192.168.175.16	192.168.175.16	50e54985ba17	wireless			1	1751	H61M-S2P-B3	Intel(R) Core(TM) i3-2100 CPU @ 3.10GHz	2048	HDD		1	
3332895211	AB-AMVAL	pc	10 Windows	192.168.165.71	192.168.165.71	6cf049657051	fiber	sw-a	Fa0/2	1	165	G41M-ES2L	Pentium(R) Dual-Core  CPU      E5300  @ 2.60GHz	4096	SSD		0	
5529965484	AB-ANBAR2	pc	10 Windows	192.168.165.101	192.168.165.101	6cf049d5f45d	fiber	sw-c	Gi1/0/12	1	165	P41T-D3	Pentium(R) Dual-Core  CPU      E5400  @ 2.70GHz	4096	SSD		0	
7651142093	AB-ANBAR3	pc	7 Windows	192.168.175.200	192.168.175.200	1c6f6527f77a	wireless			1	1752	EP41T-UD3L	Pentium(R) Dual-Core  CPU      E5400  @ 2.70GHz	2048	HDD		0	
1665814324	MA-AQOOR	pc	10 Windows	100.80.16.51		408d5c941601	hiweb			0		H81M-S2PT	Intel(R) Core(TM) i3-4160 CPU @ 3.60GHz	4096	HDD		0	2025-09-15
5375645649	AB-ARHAN1	pc	7 Windows	10.100.252.236	192.168.175.158	50e54983d159	shams			0		H61M-S2P-B3	Intel(R) Core(TM) i3-2100 CPU @ 3.10GHz	2048	HDD		0	
1880785582	AB-ARHAN2	pc	10 Windows	10.100.252.236	192.168.175.225	38d547787958	shams			0		H110M-C	Intel(R) Core(TM) i3-6100 CPU @ 3.70GHz	4096	HDD		0	
3276991269	AB-ASNAD	pc	11 Windows	192.168.165.127	192.168.165.127	18c04d5f945e	fiber	sw-b	Fa0/8	1	165	H310M S2H	Intel(R) Core(TM) i3-9100 CPU @ 3.60GHz	8192	HDD		0	
0742599908	AB-AZ-MARKAZI1	pc	7 Windows	192.168.176.207	192.168.176.207	fcaa1437e146	wireless			1	1764	H81M-S2PT	Intel(R) Pentium(R) CPU G3220 @ 3.00GHz	2048	HDD		0	
3882026042	MA-AZ-MARKAZI2	pc	10 Windows	192.168.176.206	192.168.176.206	50e549a51eaa	wireless			1	1764	H61MA-D2V	Intel(R) Core(TM) i3-3210 CPU @ 3.20GHz	4096	HDD		0	2025-12-30
7182330793	AB-AZNAB1	pc	7 Windows	10.103.16.114	192.168.175.171	0022b0532732	cnet			0		H61M-S2P-B3	Intel(R) Core(TM) i3-2100 CPU @ 3.10GHz	2048	HDD		0	
4265576148	AB-AZNAB2	pc	10 Windows	10.103.16.114	192.168.175.153	38d547775b3f	cnet			0		H110M-C	Intel(R) Core(TM) i3-6100 CPU @ 3.70GHz	4096	HDD		0	
9780888668	AB-BEHVARZI1	pc	10 Windows	192.168.176.202	192.168.176.202	18c04d5f93e6	wireless			1	1764	H310M S2H	Intel(R) Core(TM) i3-9100 CPU @ 3.60GHz	4096	SSD		0	
6107715206	AB-BEHVARZI2	pc	10 Windows	192.168.176.209	192.168.176.209	18c04d5f945d	wireless			1	1764	H310M S2H	Intel(R) Core(TM) i3-9100 CPU @ 3.60GHz	4096	SSD		0	
1195910331	AB-BEHVARZI3	pc	10 Windows	192.168.176.197	192.168.176.197	18c04db2a327	wireless			1	1764	H310M S2H	Intel(R) Core(TM) i3-9100 CPU @ 3.60GHz	4096	SSD		0	
7656406348	AB-BEHVARZI4	pc	10 Windows	192.168.176.201	192.168.176.201	18c04db2a4ce	wireless			1	1764	H310M S2H	Intel(R) Core(TM) i3-9100 CPU @ 3.60GHz	4096	SSD		0	
4694301052	AB-BEHVARZI5	pc	10 Windows	192.168.176.203	192.168.176.203	18c04db2a4d1	wireless			1	1764	H310M S2H	Intel(R) Core(TM) i3-9100 CPU @ 3.60GHz	4096	SSD		0	
0502286525	AB-BEHVARZI6	pc	10 Windows	192.168.176.204	192.168.176.204	18c04d5eb485	wireless			1	1764	H310M S2H	Intel(R) Core(TM) i3-9100 CPU @ 3.60GHz	4096	SSD		0	
8428529778	AB-BEHVARZI7	pc	10 Windows	192.168.176.205	192.168.176.205	18c04db2a377	wireless			1	1764	H310M S2H	Intel(R) Core(TM) i3-9100 CPU @ 3.60GHz	4096	SSD		0	
0635789624	AB-BEHVARZI8	pc	11 Windows	192.168.176.230	192.168.176.230	408d5c93718e	wireless			1	1764	H81M-S2PH	Intel(R) Core(TM) i3-4170 CPU @ 3.70GHz	4096	SSD		0	
7893359091	SW-CORE	switch	Cisco 3750x	192.168.165.1	192.168.165.1	28c7cec93b41	fiber			0	165						0	
7559426890	AB-BEHVARZI-LAP	pc	10 Windows	192.168.176.213	192.168.176.213	485ab6e1c8a1	wireless			1	1764	20208	Intel(R) Pentium(R) CPU 2020M @ 2.40GHz	4096	HDD		0	
4117057485	MA-BH2	pc	10 Windows	192.168.165.61	192.168.165.61	50e549867024	fiber	sw-e	Fa0/17	1	165	H61M-S2P-B3	Intel(R) Core(TM) i3-2100 CPU @ 3.10GHz	4096	SSD		0	
7907007064	MA-BH1	pc	10 Windows	192.168.165.44	192.168.165.44	fc3497bdea24	fiber	sw-e	Fa0/16	1	165	PRIME H310M-R R2.0	Intel(R) Core(TM) i3-8100 CPU @ 3.60GHz	4096	HDD		0	
7183863173	SW-11(SWITCH-A)	switch	Cisco 2960	192.168.165.11	192.168.165.11	0025837b17c1	fiber	sw-f	Gi1/0/9	0	165						0	
2198294980	MA-BH3	pc	10 Windows	192.168.165.73	192.168.165.73	408d5c96ee4e	fiber	sw-e	Fa0/18	1	165	H81M-S2PH	Intel(R) Core(TM) i3-4170 CPU @ 3.70GHz	4096	HDD		0	
9439885690	AB-BH4	pc	10 Windows	192.168.165.81	192.168.165.81	001fc6649203	fiber	sw-e	Fa0/19	1	165						0	
0604543816	SW-12(SWITCH-B)	switch	Cisco 2960	192.168.165.12	192.168.165.12	0025837b20c1	fiber	sw-f	Gi1/0/7	0	165						0	
4703062320	AB-BIMAGVAGIR1	pc	10 Windows	192.168.165.50	192.168.165.50	6cf0496efdd7	fiber	sw-c	Gi1/0/27	1	165	G41M-ES2L	Pentium(R) Dual-Core  CPU      E5300  @ 2.60GHz	4096	SSD		0	
1701680460	SW-13(SWITCH-C)	switch	Cisco C2960X	192.168.165.13	192.168.165.13	0c116745bec1	fiber	sw-f	Gi1/0/8	0	165						0	
4399215648	AB-BIMAGVAGIR2	pc	10 Windows	192.168.165.36	192.168.165.36	408d5c96ed39	fiber	sw-a	Fa0/20	1	165	H81M-S2PH	Intel(R) Core(TM) i3-4170 CPU @ 3.70GHz	4096	HDD		0	
6891037166	SW-E	switch	Cisco 2960	192.168.165.15	192.168.165.15	002698b74e41	fiber	sw-f	Gi1/0/10	0	165						0	
1257539197	AB-S4	vm	Server 2025	192.168.165.16	192.168.165.16	00155da51315	fiber	sw-f	Gi1/0/2	0	165	Virtual Machine	12th Gen Intel(R) Core(TM) i3-12100	1024	HDD		0	
5614584792	AB-BIMAVAGIR1	pc	10 Windows	192.168.165.89	192.168.165.89	408d5c96f636	fiber	sw-c	Gi1/0/15	1	165	H81M-S2PH	Intel(R) Core(TM) i3-4170 CPU @ 3.70GHz	4096	SSD		0	
4300306676	AB-S6	vm	Server 2022	192.168.165.17	192.168.165.17	00155d04cb00	fiber			0	165	Virtual Machine	12th Gen Intel(R) Core(TM) i3-12100	8000	HDD		0	
4657779312	AB-S5	vm	Server 2022	192.168.165.18	192.168.165.18	00155da52303	fiber			0	165						0	
0387976840	AB-HYPER3	hyperv	Server 2022	192.168.165.19	192.168.165.19	08bfb8850ac8	fiber	sw-f	Gi1/0/2	0	165	PRIME H610M-R D4	12th Gen Intel(R) Core(TM) i3-12100	16384	HDD		0	
7966546572	AB-S1	vm	Server 2022	192.168.165.2	192.168.165.2	00155da52301	fiber	sw-f	Gi1/0/3	0	165	Virtual Machine	12th Gen Intel(R) Core(TM) i3-12100	2000	HDD		0	
8668802649	AB-DIGIBOX	vm	Vmware	192.168.165.206	192.168.165.206	000c29a174e3	fiber	sw-f	Gi1/0/5	0	165						0	
9444373836	AB-S7	vm	Server 2022	192.168.165.21	192.168.165.21	00155d04cb02	fiber			0	165	Virtual Machine	12th Gen Intel(R) Core(TM) i3-12100	3000	HDD		0	
1215461540	TIMEX-SETAD	timex		192.168.165.210	192.168.165.210	001761114e90	fiber	sw-b	Fa0/23	0	165						0	
7744186499	FREEZEYE	freezeye		192.168.165.231	192.168.165.231	ea01a1010001	fiber			1	165						0	
5074548185	SW-RIASAT	switch	D-LINK	192.168.165.247	192.168.165.247	f8e903903972	fiber	sw-c	Gi1/0/19	0	165						0	
2140181737	SW-GOSTARESH	switch	TP-LINK	192.168.165.250	192.168.165.250	30b49e11d465	fiber	sw-12	Fa0/12	0	165						0	
5477264435	AB-ADMINKIT	vm	Server 2022	192.168.165.3	192.168.165.3	00155da50709	fiber	sw-f	Gi1/0/4	0	165						0	
0965777273	MA-BIMAVAGIR3	pc	10 Windows	192.168.165.37	192.168.165.37	74d435b34829	fiber	sw-c	Gi1/0/25	1	165	H81M-S2PH	Intel(R) Pentium(R) CPU G3220 @ 3.00GHz	2048	HDD		0	
8397093367	AB-BIMAVAGIR4	pc	10 Windows	192.168.165.55	192.168.165.55	408d5c92f869	fiber	sw-a	Fa0/19	1	165	H81M-S2PH	Intel(R) Core(TM) i3-4170 CPU @ 3.70GHz	4096	HDD		0	
9088135323	AB-BIMAVAGIR5	pc	7 Windows	192.168.165.60	192.168.165.60	902b340898ba	fiber	sw-c	Gi1/0/41	1	165						1	
0249396823	MA-BKH2	pc	10 Windows	192.168.165.72	192.168.165.72	708bcd8210b0	fiber	sw-b	Fa0/16	1	165	H110M-C	Intel(R) Core(TM) i3-6100 CPU @ 3.70GHz	4096	HDD		0	
3982578454	AB-BKH4	pc	7 Windows	192.168.165.42	192.168.165.42	50e5498747cb	fiber	sw-c	Gi1/0/37	1	165	H61M-S2P-B3	Intel(R) Core(TM) i3-2100 CPU @ 3.10GHz	2048	HDD		0	
9164702109	AB-BM1	pc	10 Windows	192.168.165.98	192.168.165.98	708bcd8210af	fiber	sw-e	Fa0/11	0	165	H110M-C	Intel(R) Core(TM) i3-6100 CPU @ 3.70GHz	4096	HDD		0	
3875775489	AB-BM2	pc	10 Windows	192.168.165.58	192.168.165.58	fcaa14b3f121	fiber	sw-e	Fa0/12	0	165	H81M-S2PH	Intel(R) Core(TM) i3-4160 CPU @ 3.60GHz	4096	SSD		0	
1884771428	MA-BM3	pc	7 Windows	192.168.165.54	192.168.165.54	fcaa14834884	fiber	sw-e	Fa0/6	0	165	H81M-S2PT	Intel(R) Core(TM) i3-4150 CPU @ 3.50GHz	2048	HDD		0	
7796530982	AB-BM4	pc	7 Windows	192.168.165.65	192.168.165.65	902b340898be	fiber	sw-e	Fa0/7	1	165	H61MA-D2V	Intel(R) Core(TM) i3-3210 CPU @ 3.20GHz	2048	HDD		0	
3328340932	AB-BOHRAN	pc	10 Windows	192.168.165.111	192.168.165.111	482ae39c7fe8	fiber	sw-b	Fa0/14	0	165	LNVNB161216	Intel(R) Celeron(R) N4000 CPU @ 1.10GHz	4096	HDD		0	
3252112020	MA-CHANGALMAS	pc	7 Windows	100.80.16.122	192.168.176.144	50e54985c1fd	hiweb			0		H61M-S2P-B3	Intel(R) Core(TM) i3-2100 CPU @ 3.10GHz	2048	HDD		0	
6275537615	MB-RIASAT-LAP	pc	10 Windows	192.168.165.144	192.168.165.144	18037397339e	fiber	sw-13	Gi1/0/19	1	165	N/A	N/A	N/A	HDD		0	
1621352323	AB-DABIR1	pc	7 Windows	192.168.165.34	192.168.165.34	50e549c9d10e	fiber	sw-c	Gi1/0/44	1	165	H61MA-D2V	Intel(R) Core(TM) i3-2120 CPU @ 3.30GHz	2048	HDD		0	
9280149079	MA-DABIR2	pc	10 Windows	192.168.165.30	192.168.165.30	fcaa14b879c3	fiber	sw-c	Gi1/0/42	1	165	H81M-S2PH	Intel(R) Core(TM) i3-4160 CPU @ 3.60GHz	4096	HDD		0	
1536688731	AB-DA-BM	pc	7 Windows	192.168.176.76	192.168.176.76	50e5498687fc	wireless			1	1762	H61M-S2P-B3	Intel(R) Core(TM) i3-2100 CPU @ 3.10GHz	2048	HDD		1	
9842996727	AB-DA-DR	pc	10 Windows	192.168.176.77	192.168.176.77	70f1a1abaf58	wireless			1	1762	0G62V9	Intel(R) Core(TM) i5 CPU       M 480  @ 2.67GHz	4096	HDD		0	
4604917750	MA-DA-DRUG	pc	10 Windows	192.168.176.88	192.168.176.88	708bcd817bed	wireless			1	1762	H110M-C	Intel(R) Core(TM) i3-6100 CPU @ 3.70GHz	4096	HDD		0	2025-02-06
3495598876	AB-DA-KH1	pc	7 Windows	10.100.252.234	192.168.176.131	50e54982ff59	shams			0		H61M-S2P-B3	Intel(R) Core(TM) i3-2100 CPU @ 3.10GHz	2048	HDD		0	
3663241438	AB-DA-KH2	pc	10 Windows	10.100.252.234	192.168.175.164	708bcd817bba	shams			0		H110M-C	Intel(R) Core(TM) i3-6100 CPU @ 3.70GHz	4096	HDD		0	
7829410869	MA-DA-MAMA	pc	10 Windows	192.168.176.80	192.168.176.80	408d5c9177e9	wireless			1	1762	H81M-S2PH	Intel(R) Core(TM) i3-4170 CPU @ 3.70GHz	4096	HDD		0	
8157330339	AB-S2	vm	Server 2022	192.168.165.5	192.168.165.5	00155da50708	fiber	sw-f	Gi1/0/4	0	165	Virtual Machine	12th Gen Intel(R) Core(TM) i3-12100	1024	HDD		0	
7298419398	MA-DA-NAZER	pc	10 Windows	192.168.176.73	192.168.176.73	50e5498746f4	wireless			1	1762	H61M-S2P-B3	Intel(R) Core(TM) i3-2100 CPU @ 3.10GHz	8192	HDD		0	2025-12-30
2020106280	AB-DA-PAZIR	pc	7 Windows	192.168.176.71	192.168.176.71	50e549840c91	wireless			1	1762	H61M-S2P-B3	Intel(R) Core(TM) i3-2100 CPU @ 3.10GHz	2048	HDD		0	
8205273512	MA-DENTAL	pc	7 Windows	192.168.165.159	192.168.165.159	90e6ba1ed509	fiber	sw-e	Fa0/8	1	165	P41T-D3	Pentium(R) Dual-Core  CPU      E5400  @ 2.70GHz	2048	HDD		0	2025-09-25
4966049031	MA-DF1	pc	10 Windows	192.168.165.68	192.168.165.68	408d5c96eed1	fiber	sw-c	Gi1/0/40	0	165	H81M-S2PH	Intel(R) Core(TM) i3-4170 CPU @ 3.70GHz	4096	HDD		0	
0214424925	AB-DF2	pc	10 Windows	192.168.165.84	192.168.165.84	38d547775cb8	fiber	sw-e	Fa0/2	1	165	H110M-C	Intel(R) Core(TM) i3-6100 CPU @ 3.70GHz	4096	HDD		0	
6173977838	AB-DO-DRUG	pc	10 Windows	192.15.27.120	192.168.175.40	e01cfc3aea26	mci			0		H110M-C	Intel(R) Core(TM) i3-6100 CPU @ 3.70GHz	4096	HDD		0	
0226614726	AB-DO-KH1	pc	7 Windows	192.15.92.86	192.168.175.183	708bcd817da5	mci			0		H110M-C	Intel(R) Core(TM) i3-6100 CPU @ 3.70GHz	4096	HDD		0	2026-01-14
2611140424	MA-DO-MAMA	pc	10 Windows	192.15.47.98	192.168.1.183	38d5477880f8	mci			0		H110M-C	Intel(R) Core(TM) i3-6100 CPU @ 3.70GHz	4096	HDD		0	
2375858251	AB-DO-PAZIR	pc	7 Windows	192.15.47.98	192.168.1.163	74d435f58faa	mci			0		H81M-S2PT	Intel(R) Pentium(R) CPU G3220 @ 3.00GHz	2048	HDD		0	
4045870289	MA-GOSTARESH5	pc	10 Windows	192.168.165.96	192.168.165.96	708bcd821086	fiber	sw-b	Fa0/12	0	165	H110M-C	Intel(R) Core(TM) i3-6100 CPU @ 3.70GHz	4096	HDD		0	
3101776999	MA-ESPAS	pc	7 Windows	10.100.252.58	192.168.1.105	50e54985c1f9	shams			0		H61M-S2P-B3	Intel(R) Core(TM) i3-2100 CPU @ 3.10GHz	2048	HDD		0	2025-02-06
3371274437	MA-EYVANAK	pc	7 Windows	100.80.16.125	192.168.255.20	50e549820d95	hiweb			0		H61M-S2P-B3	Intel(R) Core(TM) i3-2100 CPU @ 3.10GHz	2048	HDD		0	
7551041494	AB-FONOOSHABAD	pc	7 Windows	5.122.29.142	192.168.1.102	50e549840b74	irancell			0		H61M-S2P-B3	Intel(R) Core(TM) i3-2100 CPU @ 3.10GHz	2048	HDD		0	
7641384469	AB-FONOOSHABAD2	pc	7 Windows	5.122.29.142	192.168.1.100	408d5c96eee2	irancell			0		H81M-S2PH	Intel(R) Core(TM) i3-4170 CPU @ 3.70GHz	4096	HDD		0	
5553798168	AB-FONOOSHABAD3	pc	7 Windows	5.122.29.142	192.168.1.101	408d5c96f784	irancell			0		H81M-S2PH	Intel(R) Core(TM) i3-4170 CPU @ 3.70GHz	4096	HDD		0	
4844837742	MA-GHAFASABAD	pc	7 Windows	10.103.16.114	192.168.1.246	50e549867d09	cnet			0		H61M-S2P-B3	Intel(R) Core(TM) i3-2100 CPU @ 3.10GHz	2048	HDD		0	
7562794515	AB-GHAMACHABAD	pc	7 Windows	10.100.252.91	192.168.1.100	50e54986da0f	shams			0		H61M-S2P-B3	Intel(R) Core(TM) i3-2100 CPU @ 3.10GHz	2048	HDD		0	
3279459656	AB-GHARLOOGH	pc	7 Windows	10.103.16.114	192.168.1.254	50e549840ae7	cnet			0		H61M-S2P-B3	Intel(R) Core(TM) i3-2100 CPU @ 3.10GHz	2048	HDD		0	
3708915043	AB-GHAZADAROO1	pc	7 Windows	192.168.165.59	192.168.165.59	6cf0496a63d9	fiber	sw-c	Gi1/0/5	1	165	G41M-ES2L	Pentium(R) Dual-Core  CPU      E5300  @ 2.60GHz	2048	HDD		0	
8706196554	AB-GHAZADAROO2	pc	10 Windows	192.168.165.62	192.168.165.62	408d5c96eee3	fiber	sw-c	Gi1/0/7	1	165	H81M-S2PH	Intel(R) Core(TM) i3-4170 CPU @ 3.70GHz	4096	HDD		0	
2404237950	AB-HYPER1	hyperv	Server 2022	192.168.165.7	192.168.165.7	08bfb88661d5	fiber	sw-f	Gi1/0/4	0	165	PRIME H610M-R D4	12th Gen Intel(R) Core(TM) i3-12100	16384	HDD		0	
5902600396	MA-GH-BM	pc	10 Windows	192.168.176.89	192.168.176.89	38d54778ffc2	wireless			1	1762	H110M-C	Intel(R) Core(TM) i3-6100 CPU @ 3.70GHz	4096	HDD		0	
2300288437	MA-GH-DR	pc	7 Windows	192.168.176.79	192.168.176.79	50e549874a6a	wireless			1	1762	H61M-S2P-B3	Intel(R) Core(TM) i3-2100 CPU @ 3.10GHz	2048	HDD		0	
3793641304	AB-GH-DRUG	pc	10 Windows	192.168.176.82	192.168.176.82	708bcd8218e5	wireless			1	1762	H110M-C	Intel(R) Core(TM) i3-6100 CPU @ 3.70GHz	4096	HDD		0	
2067341517	MA-GHEZELJE	pc	7 Windows			74d435fde09c				0		H81M-S2PT	Intel(R) Pentium(R) CPU G3220 @ 3.00GHz	2048	HDD		1	
8955783982	AB-GH-KH1	pc	10 Windows	10.100.252.95	192.168.1.111	50e5498687ea	shams			0		H61M-S2P-B3	Intel(R) Core(TM) i3-2100 CPU @ 3.10GHz	4096	SSD		0	
8576895667	AB-GH-KH2	pc	7 Windows	10.100.252.95	192.168.1.112	408d5c96f054	shams			0		H81M-S2PH	Intel(R) Core(TM) i3-4170 CPU @ 3.70GHz	4096	HDD		0	
6017126698	AB-GH-KH3	pc	7 Windows	10.100.252.95	192.168.1.110	408d5c96ee1c	shams			0		H81M-S2PH	Intel(R) Core(TM) i3-4170 CPU @ 3.70GHz	4096	HDD		0	
4354946794	AB-GH-MAMA	pc	7 Windows	192.168.176.68	192.168.176.68	408d5c96ee8c	wireless			1	1762	H81M-S2PH	Intel(R) Core(TM) i3-4170 CPU @ 3.70GHz	4096	HDD		0	
3723354184	AB-GH-NAZER	pc	7 Windows	192.168.176.67	192.168.176.67	00248cb647f7	wireless			1	1762	P5KPL-SE	Intel(R) Pentium(R) Dual  CPU  E2200  @ 2.20GHz	2048	HDD		0	
5551930848	AB-GH-PAZIR	pc	7 Windows	192.168.176.72	192.168.176.72	1c6f655c1251	wireless			0	1762	P41T-D3	Pentium(R) Dual-Core  CPU      E5500  @ 2.80GHz	2048	HDD		0	
6589591993	AB-HYPER2	hyperv	Server 2022	192.168.165.8	192.168.165.8	08bfb88661cf	fiber	sw-f	Gi1/0/3	0	165	PRIME H610M-R D4	12th Gen Intel(R) Core(TM) i3-12100	16384	HDD		0	
6292167730	AB-GHUHCHIN	pc	7 Windows	10.103.16.114	192.168.1.200	3408049c292e	cnet			0		H61M-S2P-B3	Intel(R) Core(TM) i3-2100 CPU @ 3.10GHz	2048	HDD		0	
1692062981	MA-GOSTARESH1	pc	10 Windows	192.168.165.52	192.168.165.52	38d54779fbb1	fiber	sw-b	Fa0/20	0	165	H110M-C	Intel(R) Core(TM) i3-6100 CPU @ 3.70GHz	4096	HDD		0	
9583812020	MA-GOSTARESH2	pc	11 Windows	192.168.165.80	192.168.165.80	708bcd82141f	fiber	sw-b	Fa0/11	0	165	H110M-C	Intel(R) Core(TM) i3-6100 CPU @ 3.70GHz	4096	HDD		0	2026-02-01
2842871465	MA-GOSTARESH3	pc	10 Windows	192.168.165.86	192.168.165.86	902b34091f76	fiber	sw-a	Fa0/14	1	165						0	
5462921574	MA-GOSTARESH4	pc	10 Windows	192.168.165.82	192.168.165.82	408d5c9370cf	fiber	sw-c	Gi1/0/39	0	165	H81M-S2PH	Intel(R) Core(TM) i3-4170 CPU @ 3.70GHz	4096	HDD		0	2026-02-01
8785993781	AB-GOZINESH	pc	7 Windows	192.168.165.91	192.168.165.91	6cf049083f9b	fiber	sw-c	Gi1/0/9	1	165	EP41-UD3L	Pentium(R) Dual-Core  CPU      E5300  @ 2.60GHz	1024	HDD		0	
7541204493	AB-HA-BM	pc	7 Windows	192.168.175.158	192.168.175.158	002354e2f72b	wireless			1	1752	P5KPL-SE	Pentium(R) Dual-Core  CPU      E5200  @ 2.50GHz	2048	HDD		0	
1348041427	AB-HA-DENT	pc	10 Windows	192.168.175.225	192.168.175.225	408d5c96ee73	wireless			1	1752	H81M-S2PH	Intel(R) Core(TM) i3-4170 CPU @ 3.70GHz	4096	HDD		0	
4116593966	AB-HA-DR1	pc	10 Windows	192.168.175.161	192.168.175.161	180373972e19	wireless			1	1752	0FXK2Y	Intel(R) Core(TM) i5-2430M CPU @ 2.40GHz	8192	HDD		0	
6538845856	AB-HA-DR2	pc	10 Windows	192.168.175.194	192.168.175.194	b42e9971d977	wireless			1	1752	H110M-S2PH-CF	Intel(R) Core(TM) i3-7100 CPU @ 3.90GHz	4096	HDD		0	
0344447689	MA-CONTAINERS	vm	Ubuntu	192.168.165.9	192.168.165.9	00155da5132e	fiber	sw-f	Gi1/0/2	0	165						0	
2105701185	AB-HA-MAMA	pc	10 Windows	192.168.175.173	192.168.175.173	708bcd821731	wireless			1	1752	H110M-C	Intel(R) Core(TM) i3-6100 CPU @ 3.70GHz	4096	HDD		0	
9495163168	AB-HA-NAZER	pc	10 Windows	192.168.175.171	192.168.175.171	50e549cc2780	wireless			1	1752	H61MA-D2V	Intel(R) Core(TM) i3-2100 CPU @ 3.10GHz	2048	SSD		0	
1158712591	AB-HA-P1-1	pc	10 Windows	192.168.175.180	192.168.175.180	408d5c917e31	wireless			1	1752	H81M-S2PH	Intel(R) Core(TM) i3-4170 CPU @ 3.70GHz	4096	HDD		0	
7308073758	MA-HA-P1-2	pc	7 Windows	192.168.175.150	192.168.175.150	408d5c96f644	wireless			1	1752	H81M-S2PH	Intel(R) Core(TM) i3-4170 CPU @ 3.70GHz	4096	HDD		1	
3064231325	AB-HA-P1-3	pc	10 Windows	192.168.175.163	192.168.175.163	408d5c96f75c	wireless			1	1752	H81M-S2PH	Intel(R) Core(TM) i3-4170 CPU @ 3.70GHz	4096	HDD		0	
3396935661	AB-HA-P1-4	pc	7 Windows	192.168.175.149	192.168.175.149	5404a6948fc6	wireless			1	1752	LNVNB161216	Intel(R) Core(TM) i3-8145U CPU @ 2.10GHz	2048	HDD		0	
7791984638	AB-HA-P1-MAMA	pc	10 Windows	192.168.175.169	192.168.175.169	408d5c917872	wireless			1	1752	H81M-S2PH	Intel(R) Core(TM) i3-4170 CPU @ 3.70GHz	4096	HDD		0	
8769116512	AB-HA-PAZIR	pc	7 Windows	192.168.175.153	192.168.175.153	50e549cc2e7a	wireless			1	1752	H61MA-D2V	Intel(R) Core(TM) i3-2100 CPU @ 3.10GHz	2048	HDD		0	
0469628954	AB-HA-RAVAN	pc	10 Windows	192.168.175.177	192.168.175.177	38d547775a7f	wireless			1	1752	H110M-C	Intel(R) Core(TM) i3-6100 CPU @ 3.70GHz	4096	HDD		0	
6040795544	AB-HA-TAGHZIE	pc	10 Windows	192.168.175.185	192.168.175.185	408d5c96e823	wireless			1	1752	H81M-S2PH	Intel(R) Core(TM) i3-4170 CPU @ 3.70GHz	4096	HDD		1	
8795091164	AB-HERASAT1	pc	10 Windows	192.168.165.97	192.168.165.97	18c04d11d22e	fiber	sw-c	Gi1/0/24	0	165	H310M S2H 2.0	Intel(R) Core(TM) i3-9100 CPU @ 3.60GHz	8192	SSD		0	
5853069495	AB-HERASAT2	pc	10 Windows	192.168.165.88	192.168.165.88	fcaa14b86fb6	fiber	sw-c	Gi1/0/24	0	165	H81M-S2PH	Intel(R) Core(TM) i3-4160 CPU @ 3.60GHz	4096	SSD		0	
2880074291	AB-HESABDAR2	pc	10 Windows	192.168.165.161	192.168.165.161	6cf049d61f21	fiber	sw-c	Gi1/0/4	0	165	P41T-D3	Pentium(R) Dual-Core  CPU      E5400  @ 2.70GHz	4096	SSD		0	
6841163278	TIMEX-HIDAJ	timex		192.168.175.100	192.168.175.100	001761111f22	wireless			0	1751						0	
5565593825	TIMEX-SAEEN	timex		192.168.175.101	192.168.175.101	001761112092	wireless			0	1751						0	
7304479598	TIMEX-AMIDABAD	timex		192.168.175.102	192.168.175.102	001761112222	wireless			0	1751						0	
9825616823	POS-SAEEN	pos		192.168.175.11	192.168.175.11	cc4d7404deaf	wireless			0	1751						0	
7214645629	ZUMS-SAEENTOAMID	wireless		192.168.175.114	192.168.175.114	488f5ac33ed5	wireless			0	1751						0	
6596377982	ZUMS-AMIDABAD	wireless		192.168.175.115	192.168.175.115	2cc81baf5424	wireless			0	1751						0	
1337953332	ZUMS-ABHAR	wireless		192.168.175.116	192.168.175.116	b869f490bc01	fiber			0	1751						0	
6900633021	ZUMS-SAEEN	wireless		192.168.175.117	192.168.175.117	488f5aab256a	wireless			0	1751						0	
0489305416	ZUMS-HIDAJ	wireless		192.168.175.118	192.168.175.118	6c3b6bdfc640	wireless			0	1751						0	
1744628326	SAEEN2HIDAJ	wireless		192.168.175.119	192.168.175.119	085531edd417	wireless			0	1751						0	
7255225691	POS-AMIDABAD	pos		192.168.175.12	192.168.175.12	cc4d7404dafb	wireless			0	1751						0	
1042243783	POS-HIDAJ	pos		192.168.175.13	192.168.175.13	cc4d7404d188	wireless			0	1751						1	
3445542150	AB-HESABDAR3	pc	10 Windows	192.168.165.35	192.168.165.35	50e549ca17dd	fiber	sw-c	Gi1/0/2	0	165	H61MA-D2V	Intel(R) Core(TM) i3-2100 CPU @ 3.10GHz	4096	SSD		0	
4100979710	AB-HESABDAR4	pc	10 Windows	192.168.165.79	192.168.165.79	6cf04969d942	fiber	sw-c	Gi1/0/34	1	165						0	
0168272406	AB-HESABDAR5	pc	7 Windows	192.168.165.41	192.168.165.41	50e549b2fe13	fiber	sw-11	Fa0/6	1	165	H61M-USB3-B3	Intel(R) Core(TM) i3-2100 CPU @ 3.10GHz	4096	HDD		0	
8538423207	AB-HESABDAR6	pc	10 Windows	192.168.165.118	192.168.165.118	1c6f65ab2718	fiber	sw-c	Gi1/0/32	1	165	H55M-S2H	Intel(R) Core(TM) i3 CPU         540  @ 3.07GHz	4096	SSD		0	
2187299125	MA-HESABDAR7	pc	7 Windows	192.168.165.46	192.168.165.46	902b34095b61	fiber	sw-c	Gi1/0/1	1	165	H61MA-D2V	Intel(R) Core(TM) i3-2120 CPU @ 3.30GHz	4096	HDD		0	
5321226311	POS-HOSEINABAD	pos		192.168.175.135	192.168.175.135	cc4d7404eaff	wireless			0	1752						0	
0044234488	AB-HESARQAJAR	pc	7 Windows	100.80.16.117	192.168.255.20	fcaa14b87517	hiweb			0		H81M-S2PH	Intel(R) Core(TM) i3-4160 CPU @ 3.60GHz	2048	HDD		0	
4257493814	POS-ALAEI	pos		192.168.175.137	192.168.175.137	cc4d7404cfa4	wireless			0	1752						0	
1154765916	AB-HI-BH1	pc	10 Windows	192.168.175.43	192.168.175.43	408d5c96f6b5	wireless			1	1751	H81M-S2PH	Intel(R) Core(TM) i3-4170 CPU @ 3.70GHz	4096	HDD		0	
3001348444	MA-HI-BM	pc	7 Windows	192.168.175.26	192.168.175.26	0050ba8aec23	wireless			1	1751	H55M-S2V	Intel(R) Core(TM) i3 CPU         540  @ 3.07GHz	2048	HDD		0	2025-01-01
1542444780	POS-HIDAJ-DRUG	pos		192.168.175.14	192.168.175.14	28718455559a	wireless			0	1751						0	
8708178874	AB-HI-DENT	pc	10 Windows	192.168.175.51	192.168.175.51	708bcd817c9c	wireless			1	1751	H110M-C	Intel(R) Core(TM) i3-6100 CPU @ 3.70GHz	4096	HDD		0	
8913560341	AB-HI-DRLAP	pc	10 Windows	192.168.175.17	192.168.175.17	1803739730b1	wireless			0	1751	0FXK2Y	Intel(R) Core(TM) i5-2430M CPU @ 2.40GHz	8192	HDD		1	
8443265388	AB-HI-DRUG	pc	10 Windows	192.168.175.25	192.168.175.25	708bcd817be4	wireless			0	1751	H110M-C	Intel(R) Core(TM) i3-6100 CPU @ 3.70GHz	4096	HDD		0	
5475646225	AB-HI-LAB	pc	7 Windows	192.168.175.20	192.168.175.20	fcaa1437e1d6	wireless			1	1751	H81M-S2PT	Intel(R) Pentium(R) CPU G3220 @ 3.00GHz	2048	HDD		0	
2048435268	POS-17SHAHRIVAR	pos		192.168.175.144	192.168.175.144	cc4d7404e343	wireless			0	1752						0	
3815237976	AB-HI-P1-1	pc	10 Windows	192.168.175.37	192.168.175.37	408d5c917cff	wireless			1	1751	H81M-S2PH	Intel(R) Core(TM) i3-4170 CPU @ 3.70GHz	4096	HDD		0	
2930884382	AB-HI-P1-2	pc	10 Windows	192.168.175.36	192.168.175.36	408d5c93715c	wireless			1	1751	H81M-S2PH	Intel(R) Core(TM) i3-4170 CPU @ 3.70GHz	4096	HDD		0	
3208708291	MA-HI-P1-3	pc	10 Windows	192.168.175.4	192.168.175.4	1c6f65572ded	wireless			1	1751	H110M-C	Intel(R) Core(TM) i3-6100 CPU @ 3.70GHz	4096	HDD		0	2025-04-01
7250888615	AB-HI-P1-MAMA	pc	10 Windows	192.168.175.24	192.168.175.24	408d5c96eeed	wireless			1	1751	H81M-S2PH	Intel(R) Core(TM) i3-4170 CPU @ 3.70GHz	4096	HDD		0	
6628318509	AB-HI-P2-1	pc	7 Windows	10.100.252.97	192.168.1.3	50e549cc275a	shams			0		H61MA-D2V	Intel(R) Core(TM) i3-2100 CPU @ 3.10GHz	2048	HDD		0	
1388927010	AB-HI-P2-3	pc	7 Windows	10.100.252.97	192.168.1.2	408d5c96ee3d	shams			0		H81M-S2PH	Intel(R) Core(TM) i3-4170 CPU @ 3.70GHz	4096	HDD		0	
7059679829	AB-HI-P2-MAMA	pc	10 Windows	10.100.252.97	192.168.1.100	408d5c9177fb	shams			0		H81M-S2PH	Intel(R) Core(TM) i3-4170 CPU @ 3.70GHz	4096	HDD		0	
1131618424	AB-HI-PAZIRESH	pc	7 Windows	192.168.175.18	192.168.175.18	50e549838e9b	wireless			0	1751	H61M-S2P-B3	Intel(R) Pentium(R) CPU G645 @ 2.90GHz	2048	HDD		0	
4479052940	AB-HI-RAVAN	pc	10 Windows	192.168.175.49	192.168.175.49	bc5ff4a21a15	wireless			1	1751	N68-VS3 FX	AMD Athlon(tm) II X2 260 Processor	4096	HDD		0	
9000409738	AB-HI-TAGHZIE	pc	7 Windows	192.168.175.19	192.168.175.19	50e549cc26e4	wireless			1	1751	H61MA-D2V	Intel(R) Core(TM) i3-2100 CPU @ 3.10GHz	2048	HDD		0	
1564890175	MA-IT2	pc	10 Windows	192.168.165.120	192.168.165.120	e89c25c5a08a	fiber	sw-a	Fa0/24	0	165	PRIME H610M-K D4	12th Gen Intel(R) Core(TM) i3-12100	8192	HDD		1	
0823221971	AB-JEDAGHIE	pc	7 Windows	100.80.16.56	192.168.255.20	001d7d73d059	hiweb			0		945GCM-S2L	Intel(R) Core(TM)2 Duo CPU     E8400  @ 3.00GHz	2048	HDD		0	
9421439635	AB-KABOOD1	pc	7 Windows	100.80.16.118	192.168.255.2	408d5c96eea0	hiweb			0		H81M-S2PH	Intel(R) Core(TM) i3-4170 CPU @ 3.70GHz	4096	HDD		0	
4637532573	AB-KG1	pc	7 Windows	192.168.165.39	192.168.165.39	74d435b18481	fiber	sw-a	Fa0/12	0	165	P61A-D3 3.0	Intel(R) Pentium(R) CPU G2030 @ 3.00GHz	2048	HDD		1	
4923344268	AB-KG2	pc	7 Windows	192.168.165.38	192.168.165.38	50e549cc2e4f	fiber	sw-a	Fa0/12	0	165	H61MA-D2V	Intel(R) Core(TM) i3-2120 CPU @ 3.30GHz	2048	HDD		0	
0704123927	AB-KG3	pc	7 Windows	192.168.165.40	192.168.165.40	1078d22e1ee9	fiber	sw-a	Fa0/4	0	165	G41T-M16	Intel(R) Core(TM)2 Duo CPU     E8400  @ 3.00GHz	2048	HDD		0	
8750587141	MA-KG5	pc	7 Windows	192.168.165.31	192.168.165.31	1c6f65a18b6b	fiber	sw-a	Fa0/9	0	165	H55M-S2H	Intel(R) Core(TM) i3 CPU         540  @ 3.07GHz	2048	HDD		0	
1640564232	MA-KHADAMAT	pc	7 Windows	192.168.165.83	192.168.165.83	50e54983e3a0	fiber	sw-c	Gi1/0/3	1	165	H61M-S2P-B3	Intel(R) Core(TM) i3-2100 CPU @ 3.10GHz	2048	HDD		0	2025-04-01
1951060045	AB-KHALIFEHESAR	pc	7 Windows	192.15.93.103	192.168.1.108	50e549877143	mci			0		H61M-S2P-B3	Intel(R) Core(TM) i3-2100 CPU @ 3.10GHz	2048	HDD		0	
4833607836	AB-KHORASANLOO1	pc	7 Windows	100.80.16.68	192.168.255.20	50e549867711	hiweb			0		H61M-S2P-B3	Intel(R) Core(TM) i3-2100 CPU @ 3.10GHz	2048	HDD		0	
8314859353	AB-KHORASANLOO2	pc	7 Windows	100.80.16.68	192.168.255.21	408d5c96ee98	hiweb			0		H81M-S2PH	Intel(R) Core(TM) i3-4170 CPU @ 3.70GHz	4096	HDD		0	
7073473564	AB-KHOSHNAM	pc	7 Windows	5.122.249.80	192.168.1.113	50e549874a67	mci			0		H61M-S2P-B3	Intel(R) Core(TM) i3-2100 CPU @ 3.10GHz	2048	HDD		0	
0422790069	AB-KINEVARS1	pc	7 Windows	10.100.252.48	192.168.1.102	00e01c3c794d	shams			0		H61M-S2P-B3	Intel(R) Core(TM) i3-2100 CPU @ 3.10GHz	2048	HDD		0	
0893529961	AB-KINEVARS2	pc	7 Windows	10.100.252.48	192.168.1.101	408d5c96ee67	shams			0		H81M-S2PH	Intel(R) Core(TM) i3-4170 CPU @ 3.70GHz	4096	HDD		0	
3199279907	MA-KOOHZIN	pc	7 Windows	100.80.16.55	192.168.255.20	50e549874a42	hiweb			0		H61M-S2P-B3	Intel(R) Core(TM) i3-2100 CPU @ 3.10GHz	2048	HDD		0	
3315809958	AB-LAB	pc	10 Windows	192.168.165.76	192.168.165.76	d85ed39659ed	fiber	sw-b	Fa0/7	1	165	H510M H	Intel(R) Core(TM) i3-10100 CPU @ 3.60GHz	8192	HDD		0	
6981210379	MA-M5-BH	pc	10 Windows	192.168.176.7	192.168.176.7	408d5c93718d	wireless			1	1761	H81M-S2PH	Intel(R) Core(TM) i3-4170 CPU @ 3.70GHz	4096	HDD		0	
4958622329	AB-M5-BM	pc	10 Windows	192.168.176.11	192.168.176.11	408d5c93700f	wireless			1	1761	H81M-S2PH	Intel(R) Core(TM) i3-4170 CPU @ 3.70GHz	4096	HDD		0	
3849480816	AB-M5-DENT	pc	10 Windows	192.168.176.15	192.168.176.15	708bcd817bf6	wireless			1	1761	H110M-C	Intel(R) Core(TM) i3-6100 CPU @ 3.70GHz	4096	HDD		0	
4371537402	MA-M5-DR	pc	10 Windows	192.168.176.14	192.168.176.14	408d5c937243	wireless			1	1761	H81M-S2PH	Intel(R) Core(TM) i3-4170 CPU @ 3.70GHz	4096	HDD		0	
0309244869	AB-M5-P1-1	pc	10 Windows	192.168.176.4	192.168.176.4	fcaa14b572dd	wireless			1	1761	H81M-S2PH	Intel(R) Core(TM) i3-4160 CPU @ 3.60GHz	4096	HDD		0	
8431612447	AB-M5-P1-2	pc	10 Windows	192.168.176.9	192.168.176.9	408d5c96f783	wireless			1	1761	H81M-S2PH	Intel(R) Core(TM) i3-4170 CPU @ 3.70GHz	4096	HDD		0	
1230327935	MA-M5-P1-3	pc	10 Windows	192.168.176.5	192.168.176.5	fcaa14b3f7ca	wireless			1	1761	H81M-S2PH	Intel(R) Core(TM) i3-4160 CPU @ 3.60GHz	4096	HDD		0	
0856802641	AB-M5-P1-5	pc	10 Windows	192.168.176.16	192.168.176.16	408d5c93729d	wireless			1	1761	H81M-S2PH	Intel(R) Core(TM) i3-4170 CPU @ 3.70GHz	4096	HDD		0	
0593029708	MA-M5-PAZIR	pc	10 Windows	192.168.176.6	192.168.176.6	fcaa14b3f1be	wireless			1	1761	H81M-S2PH	Intel(R) Core(TM) i3-4160 CPU @ 3.60GHz	4096	HDD		0	
0394740924	AB-M5-RAVAN	pc	10 Windows	192.168.176.12	192.168.176.12	fcaa14b93ad0	wireless			1	1761	H81M-S2PT	Intel(R) Core(TM) i3-4160 CPU @ 3.60GHz	4096	HDD		0	
0194615805	AB-M5-TAGHZIE	pc	10 Windows	192.168.176.10	192.168.176.10	408d5c9371a1	wireless			1	1761	H81M-S2PH	Intel(R) Core(TM) i3-4170 CPU @ 3.70GHz	4096	HDD		0	
9788856562	AB-MADARES	pc	7 Windows	192.168.165.63	192.168.165.63	50e54982fc16	fiber	sw-b	Fa0/17	1	165	H61M-S2P-B3	Intel(R) Core(TM) i3-2100 CPU @ 3.10GHz	2048	HDD		0	
8360435700	AB-MAHESTAN	pc	7 Windows	100.80.16.85	192.168.255.20	50e549837658	hiweb			0		H61M-S2P-B3	Intel(R) Core(TM) i3-2100 CPU @ 3.10GHz	2048	HDD		0	
2435609123	AB-MEIMONDARE1	pc	10 Windows	10.100.252.45	192.168.1.3	408d5c96ee6a	shams			0		H81M-S2PH	Intel(R) Core(TM) i3-4170 CPU @ 3.70GHz	4096	HDD		0	
7096738821	AB-MEIMONDARE2	pc	7 Windows	10.100.252.45	192.168.1.2	fc751687795b	shams			0		H61M-S2P-B3	Intel(R) Core(TM) i3-2100 CPU @ 3.10GHz	2048	HDD		0	
8176867047	AB-NAYJOOK	pc	7 Windows	5.122.60.199	192.168.1.158	50e54985ba12	mci			0		H61M-S2P-B3	Intel(R) Core(TM) i3-2100 CPU @ 3.10GHz	2048	HDD		0	
9594119079	AB-NEGAHBANI	pc	7 Windows	192.168.165.33	192.168.165.33	50e549b2fe03	fiber	sw-b	Fa0/23	0	165	H61M-USB3-B3	Intel(R) Core(TM) i3-2100 CPU @ 3.10GHz	2048	HDD		0	
3439994560	MA-NEZARAT	pc	10 Windows	192.168.165.32	192.168.165.32	fcaa1439b012	fiber	sw-c	Gi1/0/18	1	165	H81M-S2PT	Intel(R) Core(TM) i3-4150 CPU @ 3.50GHz	2048	HDD		0	
8417615870	AB-NOORIN1	pc	10 Windows	100.80.16.79	192.168.255.22	38d547787a6a	hiweb			0		H110M-C	Intel(R) Core(TM) i3-6100 CPU @ 3.70GHz	4096	HDD		0	
1768095979	AB-OMUMI	pc	10 Windows	192.168.165.64	192.168.165.64	38d5477882fe	fiber	sw-c	Gi1/0/13	1	165	H110M-C	Intel(R) Core(TM) i3-6100 CPU @ 3.70GHz	4096	HDD		0	
3587632592	AB-PIRSAGHA1	pc	10 Windows	10.100.252.230	192.168.1.110	408d5c96f78d	shams			0		H81M-S2PH	Intel(R) Core(TM) i3-4170 CPU @ 3.70GHz	4096	HDD		0	
2633875331	MA-PIRSAGHA2	pc	7 Windows	10.100.252.230	192.168.1.111	50e549867503	shams			0		H61M-S2P-B3	Intel(R) Core(TM) i3-2100 CPU @ 3.10GHz	2048	HDD		0	
2406479187	MA-PIRSAGHA3	pc	10 Windows	10.100.252.230	192.168.1.112	408d5c96ee5c	shams			0		H81M-S2PH	Intel(R) Core(TM) i3-4170 CPU @ 3.70GHz	4096	HDD		0	2025-05-01
4130770251	MA-RAVABET	pc	10 Windows	192.168.165.92	192.168.165.92	708bcd817c1b	fiber	sw-a	Fa0/24	0	165	H110M-C	Intel(R) Core(TM) i3-6100 CPU @ 3.70GHz	4096	HDD		0	2025-09-15
3434414000	AB-RAVAN	pc	10 Windows	192.168.165.66	192.168.165.66	04d9f5ae4131	fiber	sw-b	Fa0/13	1	165	PRIME H310M-C R2.0	Intel(R) Core(TM) i3-8100 CPU @ 3.60GHz	4096	HDD		0	
4779759556	AB-RAVAN-LAP	pc	10 Windows	192.168.165.105	192.168.165.105	283926793f57	fiber			1	165						0	
3595556089	TIMEX-17SHAHRIVAR	timex		192.168.175.201	192.168.175.201	001761112119	wireless			0	1752						0	
3638502083	TIMEX-HOSEINABAD	timex		192.168.175.203	192.168.175.203	001761112010	wireless			0	1752						0	
7405842456	AB-RIASAT	pc	10 Windows	192.168.165.78	192.168.165.78	fcaa1439aec4	fiber	sw-c	Gi1/0/19	0	165	H81M-S2PT	Intel(R) Core(TM) i3-4150 CPU @ 3.50GHz	4096	SSD		0	
6113706339	TIMEX-ALAEI	timex		192.168.175.209	192.168.175.209	00176111223e	wireless			0	1752						0	
8351004634	AB-SA-BH	pc	7 Windows	192.168.175.28	192.168.175.28	408d5c96f5c5	wireless			1	1751	H81M-S2PH	Intel(R) Core(TM) i3-4170 CPU @ 3.70GHz	4096	HDD		0	
3413904461	MA-SA-BM	pc	10 Windows	192.168.175.23	192.168.175.23	50e549840a12	wireless			1	1751	H61M-S2P-B3	Intel(R) Core(TM) i3-2100 CPU @ 3.10GHz	8192	HDD		0	2025-12-28
2016508711	AB-SA-DENT	pc	10 Windows	192.168.175.34	192.168.175.34	708bcd8218f6	wireless			1	1751	H110M-C	Intel(R) Core(TM) i3-6100 CPU @ 3.70GHz	4096	HDD		0	
9840830480	MA-SA-DR	pc	10 Windows	192.168.175.10	192.168.175.10	408d5c96eecf	wireless			0	1751	H81M-S2PH	Intel(R) Core(TM) i3-4170 CPU @ 3.70GHz	4096	HDD		0	2026-01-10
3154626575	AB-SA-DR-LAP	pc								0							0	
6250641742	ZUMS-ARQAVAN	wireless		192.168.175.243	192.168.175.243	6c3b6b79884b	wireless			0	1752						0	
1789329295	MIKROTIK	wireless		192.168.175.244	192.168.175.244	c4ad341f5ee3	fiber			0	1752						0	
0194721557	ALAYI	wireless		192.168.175.245	192.168.175.245	6c3b6bd11cbe	wireless			0	1752						0	
5605620206	17SHAHRIVAR-CP	wireless		192.168.175.246	192.168.175.246	6c3b6bdd25ca	wireless			0	1752						0	
7443936669	HOSEINABAD-CP	wireless		192.168.175.247	192.168.175.247	64d15403646c	wireless			0	1752						0	
0402823035	AB-SA-DRUG	pc	10 Windows	192.168.175.32	192.168.175.32	708bcd817d33	wireless			0	1751	H110M-C	Intel(R) Core(TM) i3-6100 CPU @ 3.70GHz	4096	HDD		0	
9682305473	AB-SA-LAB	pc	11 Windows	192.168.175.22	192.168.175.22	fcaa14833c44	wireless			1	1751	H81M-S2PT	Intel(R) Core(TM) i3-4150 CPU @ 3.50GHz	4096	SSD		0	
7203058569	AB-SA-MAMA	pc	10 Windows	192.168.175.30	192.168.175.30	408d5c96f797	wireless			1	1751	H81M-S2PH	Intel(R) Core(TM) i3-4170 CPU @ 3.70GHz	4096	HDD		0	
6968376736	AB-SA-NAZER	pc	10 Windows	192.168.175.33	192.168.175.33	408d5c96ee7f	wireless			1	1751	H81M-S2PH	Intel(R) Core(TM) i3-4170 CPU @ 3.70GHz	4096	HDD		0	
3232708278	AB-SA-P2-2	pc	7 Windows	10.100.252.88	192.168.1.122	00241d8b8127	shams			0		EP41-UD3L	Pentium(R) Dual-Core  CPU      E5300  @ 2.60GHz	2048	HDD		0	
5258411490	AB-SA-P2-6	pc	7 Windows	10.100.252.88	192.168.1.126	38d5477758db	shams			0		H110M-C	Intel(R) Core(TM) i3-6100 CPU @ 3.70GHz	4096	HDD		0	
6593932925	AB-SA-P2-7	pc	7 Windows	10.100.252.88	192.168.1.127	408d5c93646e	shams			0		H81M-S2PH	Intel(R) Core(TM) i3-4170 CPU @ 3.70GHz	4096	HDD		0	
7194430462	MA-SA-PAZIR	pc	10 Windows	192.168.175.39	192.168.175.39	940c6d84ddef	wireless			0	1751	H61M-S2PV	Intel(R) Pentium(R) CPU G2010 @ 2.80GHz	4096	HDD		0	2025-12-30
6190353842	AB-SA-RAVAN	pc	10 Windows	192.168.175.27	192.168.175.27	d45d645048c9	wireless			1	1751	PRIME B360M-K	Intel(R) Pentium(R) Gold G5420 CPU @ 3.80GHz	4096	HDD		0	
9368478133	AB-SERAJ2	pc	10 Windows	192.168.175.170	192.168.175.170	e0d55e9d4c2d	wireless			1	1752	H110M-S2PT-CF	Intel(R) Core(TM) i3-6100 CPU @ 3.70GHz	4096	HDD		0	
8271329447	MA-SERAJ3	pc	10 Windows	192.168.175.174	192.168.175.174	38d5477882f9	wireless			1	1752	H110M-C	Intel(R) Core(TM) i3-6100 CPU @ 3.70GHz	4096	HDD		0	
3251213145	AB-SERAJ4	pc	10 Windows	192.168.175.181	192.168.175.181	e0d55e9d4af9	wireless			1	1752	H110M-S2PT-CF	Intel(R) Core(TM) i3-6100 CPU @ 3.70GHz	4096	HDD		0	
1442077692	AB-SHARE	PC	Server 2022	192.168.165.6	192.168.165.6	708bcd817be7	fiber	sw-f	Gi1/0/5	0	165	H110M-C	Intel(R) Core(TM) i3-6100 CPU @ 3.70GHz	8192	HDD		0	
7456749330	AB-SHARIF-BH	pc	7 Windows	192.168.176.69	192.168.176.69	00241dd07fd1	wireless			1	1762	EP41-UD3L	Pentium(R) Dual-Core  CPU      E5300  @ 2.60GHz	2048	HDD		0	
2957513884	MA-SHARIF-BM	pc	10 Windows	192.168.176.75	192.168.176.75	50e549cc2eb1	wireless			1	1762	H61MA-D2V	Intel(R) Core(TM) i3-2100 CPU @ 3.10GHz	8192	HDD		1	2025-12-30
2417321738	MA-SHARIF-DR	pc	10 Windows	192.168.176.86	192.168.176.86	708bcd82109f	wireless			1	1762	H110M-C	Intel(R) Core(TM) i3-6100 CPU @ 3.70GHz	4096	HDD		0	
3214067344	AB-SHARIF-DRUG	pc	7 Windows	192.168.176.81	192.168.176.81	902b3490435a	wireless			1	1762	P61-S3	Intel(R) Pentium(R) CPU G2020 @ 2.90GHz	8192	HDD		0	
8818371816	AB-SHARIF-MAMA	pc	10 Windows	192.168.176.74	192.168.176.74	708bcd80c622	wireless			1	1762	H110M-C	Intel(R) Core(TM) i3-6100 CPU @ 3.70GHz	4096	HDD		0	
4449657354	AB-SHARIF-P2-1	pc	10 Windows	10.100.252.189	192.168.166.11	fcaa14b3f0fd	shams			0		H81M-S2PH	Intel(R) Core(TM) i3-4160 CPU @ 3.60GHz	4096	HDD		1	2025-12-30
5793171632	AB-SHARIF-P2-2	pc	7 Windows	10.100.252.189	192.168.166.10	408d5c96f794	shams			0		H81M-S2PH	Intel(R) Core(TM) i3-4170 CPU @ 3.70GHz	4096	HDD		0	
5616886406	AB-SHARIF-P2-3	pc	7 Windows	10.100.252.189	192.168.166.12	fcaa14b87029	shams			0		H81M-S2PH	Intel(R) Core(TM) i3-4160 CPU @ 3.60GHz	4096	HDD		0	
0704917442	AB-SHARIF-PAZIR	pc	7 Windows	192.168.176.70	192.168.176.70	50e549cc2ec7	wireless			1	1762	H61MA-D2V	Intel(R) Core(TM) i3-2100 CPU @ 3.10GHz	2048	HDD		0	
6673928300	AB-SHARIF-RAVAN	pc	10 Windows	192.168.176.83	192.168.176.83	6cf0496a5c81	wireless			1	1762	G41M-ES2L	Pentium(R) Dual-Core  CPU      E5300  @ 2.60GHz	4096	HDD		1	
1254889481	SW-GHERVE	switch	TP-LINK	192.168.176.111	192.168.176.111	98ded0d7c088	wireless			0	1762						0	
6252662815	TIMEX-SHARIFABAD	timex		192.168.176.112	192.168.176.112	001761112327	wireless			0	1762						0	
7498645938	TIMEX-GHERVE	timex		192.168.176.114	192.168.176.114	001761112266	wireless			0	1762						0	
8735241553	AP-E	wireless		192.168.176.116	192.168.176.116	64d154106ff6	fiber			0	1762						0	
1180270259	GHERVE-DAKAL-CP	wireless		192.168.176.117	192.168.176.117	64d154267ffe	wireless			0	1762						0	
9695626944	AP-GHERVE-DAKAL	wireless		192.168.176.118	192.168.176.118	64d154553872	wireless			0	1762						0	
4937324249	GHERVE-CP	wireless		192.168.176.119	192.168.176.119	6c3b6bda880a	wireless			0	1762						0	
5599740720	AB-SH-BH1	pc	10 Windows	192.168.176.136	192.168.176.136	54ee75018e39	wireless			1	1763	20208	Intel(R) Pentium(R) CPU 2020M @ 2.40GHz	4096	HDD		0	
3186731164	DARESAJIN	wireless		192.168.176.120	192.168.176.120	c4ad34f7298f	wireless			0	1762						0	
9134433967	SHARIFABAD	wireless		192.168.176.121	192.168.176.121	64d1548369cc	wireless			0	1762						0	
6111976649	MA-SH-BH2	pc	10 Windows	192.168.176.144	192.168.176.144	902b3490401b	wireless			1	1763	P61-S3	Intel(R) Celeron(R) CPU G1610 @ 2.60GHz	2048	HDD		0	
3156581654	AB-SH-BM	pc	10 Windows	192.168.176.133	192.168.176.133	38d5477900b0	wireless			1	1763	H110M-C	Intel(R) Core(TM) i3-6100 CPU @ 3.70GHz	4096	HDD		0	
7446978629	AB-SH-DR	pc	10 Windows	192.168.176.134	192.168.176.134	180373973828	wireless			1	1763	0FXK2Y	Intel(R) Core(TM) i5-2430M CPU @ 2.40GHz	8192	HDD		0	
7765148494	AB-SH-MAMA	pc	10 Windows	192.168.176.143	192.168.176.143	38d5477900ea	wireless			1	1763	H110M-C	Intel(R) Core(TM) i3-6100 CPU @ 3.70GHz	4096	HDD		0	
6484806888	AB-SH-NAZER	pc	10 Windows	192.168.176.140	192.168.176.140	408d5c96f61d	wireless			1	1763	H81M-S2PH	Intel(R) Core(TM) i3-4170 CPU @ 3.70GHz	4096	HDD		0	
9128589266	MA-SH-P1-1	pc	10 Windows	192.168.176.152	192.168.176.152	0022b0e2bd92	wireless			1	1763	H61M-S2PV	Intel(R) Core(TM) i3-2100 CPU @ 3.10GHz	4096	HDD		0	
6188525973	AB-SH-P1-2	pc	7 Windows	192.168.176.132	192.168.176.132	50e549cc2db2	wireless			1	1763	H61MA-D2V	Intel(R) Core(TM) i3-2100 CPU @ 3.10GHz	2048	HDD		0	
3556862374	AB-SH-P1-MAMA	pc	7 Windows	192.168.176.138	192.168.176.138	50e549cc2595	wireless			1	1763	H61MA-D2V	Intel(R) Core(TM) i3-2100 CPU @ 3.10GHz	2048	HDD		0	
9218734259	POS-SHENAT	pos		192.168.176.137	192.168.176.137	cc4d7404d07a	wireless			0	1763						0	
5423084483	AB-SH-P2-1	pc	7 Windows	10.100.252.72	192.168.1.110	408d5c917ad0	shams			0		H81M-S2PH	Intel(R) Core(TM) i3-4170 CPU @ 3.70GHz	4096	HDD		0	
9459219946	AB-SH-P2-2	pc	7 Windows	10.100.252.72	192.168.1.111	408d5c917f99	shams			0		H81M-S2PH	Intel(R) Core(TM) i3-4170 CPU @ 3.70GHz	4096	HDD		0	
1026846590	AB-SH-P2-3	pc	7 Windows	10.100.252.72	192.168.1.112	408d5c96edc2	shams			0		H81M-S2PH	Intel(R) Core(TM) i3-4170 CPU @ 3.70GHz	4096	HDD		0	
6756573418	AB-SH-P2-4	pc	7 Windows	10.100.252.72	192.168.1.113	fcaa14b3f7cf	shams			0		H81M-S2PH	Intel(R) Core(TM) i3-4160 CPU @ 3.60GHz	4096	HDD		0	
0702327630	AB-SH-P2-5	pc	10 Windows	10.100.252.72	192.168.1.100	fcaa14b714e1	shams			0		H81M-S2PH	Intel(R) Core(TM) i3-4160 CPU @ 3.60GHz	4096	HDD		0	
3241918201	POS-TAJMI	pos		192.168.176.142	192.168.176.142	cc4d7404d06e	wireless			0	1763						0	
4102608425	AB-SH-PAZIR	pc	7 Windows	192.168.176.130	192.168.176.130	408d5c96f78e	wireless			1	1763	H81M-S2PH	Intel(R) Core(TM) i3-4170 CPU @ 3.70GHz	4096	HDD		0	
0787287830	AB-SH-RAVAN	pc	10 Windows	192.168.176.139	192.168.176.139	408d5c96eee4	wireless			1	1763	H81M-S2PH	Intel(R) Core(TM) i3-4170 CPU @ 3.70GHz	4096	HDD		0	
1628614181	AB-SH-TAGHZIE	pc	7 Windows	192.168.176.141	192.168.176.141	50e549cc258c	wireless			1	1763	H61MA-D2V	Intel(R) Core(TM) i3-2100 CPU @ 3.10GHz	2048	HDD		0	
5781207723	MA-SH-TAJ1	pc	10 Windows	192.168.176.131	192.168.176.131	fcaa14834646	wireless			1	1763	H81M-S2PT	Intel(R) Core(TM) i3-4150 CPU @ 3.50GHz	4096	HDD		0	2025-04-22
4020196380	TIMEX-SHENAT	timex		192.168.176.175	192.168.176.175	001761112100	wireless			0	1763						0	
2757359037	SHENAT-CP	wireless		192.168.176.187	192.168.176.187	6c3b6ba1b464	wireless			0	1763						0	
1726206356	AP-NE	wireless		192.168.176.188	192.168.176.188	64d1540fff54	fiber			0	1764						0	
0358954975	MA-TK1	pc	7 Windows	192.168.165.121	192.168.165.121	f4b5203a427a	fiber	sw-b	Fa0/22	0	165			4096			0	
6616156116	AB-TK2	pc	7 Windows	192.168.165.77	192.168.165.77	fcaa1439afef	fiber	sw-a	Fa0/13	1	165	H81M-S2PT	Intel(R) Core(TM) i3-4150 CPU @ 3.50GHz	2048	HDD		0	
2003915963	AB-TK3	pc	7 Windows	192.168.165.56	192.168.165.56	74d435b3482c	fiber	sw-c	Gi1/0/33	1	165	H81M-S2PH	Intel(R) Pentium(R) CPU G3220 @ 3.00GHz	2048	HDD		0	
0171111775	AB-TOODEBIN	pc	7 Windows	100.80.16.4	192.168.255.2	50e54982a1cb	hiweb			0		H61M-S2P-B3	Intel(R) Core(TM) i3-2100 CPU @ 3.10GHz	2048	HDD		0	
4843811294	POS-AZMARKAZI	pos		192.168.176.198	192.168.176.198	383c9c839769	wireless			0	1764						0	
3705721454	AB-YENGIKAND	pc	7 Windows	100.80.16.14	192.168.255.20	50e549862632	hiweb			0		H61M-S2P-B3	Intel(R) Core(TM) i3-2100 CPU @ 3.10GHz	2048	HDD		0	
3997173694	MA-ZAREBASH	pc	7 Windows	188.213.154.187	192.168.1.20	50e549840ba6	tci			0		H61M-S2P-B3	Intel(R) Core(TM) i3-2100 CPU @ 3.10GHz	2048	HDD		0	
8868704418	CITYHIVSERVER	pc	7 Windows	192.168.175.164	192.168.175.164	74d4352aa739	wireless			1	1752	H61M-S2P-R3	Intel(R) Core(TM) i3-3240 CPU @ 3.40GHz	2048	HDD		1	
2352001315	MA-17SH-GENETIC	pc	10 Windows	192.168.175.187	192.168.175.187		wireless			1	1752			4096	HDD		1	
5153893628	MA-17SH-LAB1	pc	10 Windows	192.168.175.141	192.168.175.141	00e0b6005247	wireless			1	1752	JW-IG41M-L3	Pentium(R) Dual-Core  CPU      E5700  @ 3.00GHz	4096	HDD		0	
8713464502	MA-17SH-LAB-CEL	pc					wireless			1							0	
8105641936	MA-17SH-MAMA	pc	10 Windows	192.168.175.178	192.168.175.178	408d5c936ff0	wireless			0	1752	H81M-S2PH	Intel(R) Core(TM) i3-4170 CPU @ 3.70GHz	4096	HDD		0	
4387816483	MA-17SH-P1-1	pc	10 Windows	192.168.175.139	192.168.175.139	408d5c96eec5	wireless			1	1752	H81M-S2PH	Intel(R) Core(TM) i3-4170 CPU @ 3.70GHz	4096	HDD		0	
7622156913	MA-17SH-P1-2	pc	10 Windows	192.168.175.146	192.168.175.146	408d5c96f65e	wireless			1	1752	H81M-S2PH	Intel(R) Core(TM) i3-4170 CPU @ 3.70GHz	4096	HDD		0	
4947335426	MA-17SH-P1-4	pc	10 Windows	192.168.175.147	192.168.175.147	408d5c9372b0	wireless			1	1752	H81M-S2PH	Intel(R) Core(TM) i3-4170 CPU @ 3.70GHz	4096	HDD		0	
1870206698	MA-17SH-P1-5	pc	7 Windows	192.168.175.186	192.168.175.186	50e549cc275e	wireless			1	1752	H61MA-D2V	Intel(R) Core(TM) i3-2100 CPU @ 3.10GHz	2048	HDD		0	
4509027520	TIMEX-BEHVARZI	timex		192.168.176.210	192.168.176.210	0017611056c7	wireless			0	1764						0	
6934517814	MA-17SH-P2-1	pc	10 Windows	10.100.252.191	192.168.1.108	fcaa14b71512	shams			0		H81M-S2PH	Intel(R) Core(TM) i3-4160 CPU @ 3.60GHz	4096	HDD		0	
1145506818	MA-17SH-P2-2	pc	10 Windows	10.100.252.191	192.168.1.109	408d5c917a30	shams			0		H81M-S2PH	Intel(R) Core(TM) i3-4170 CPU @ 3.70GHz	4096	HDD		0	
4923980957	MA-17SH-P2-3	pc	10 Windows	10.100.252.191	192.168.1.110	408d5c917a2d	shams			0		H81M-S2PH	Intel(R) Core(TM) i3-4170 CPU @ 3.70GHz	4096	HDD		0	
1183384639	MA-AL-DIC1	pc	10 Windows	192.168.175.179	192.168.175.179	408d5c96eee7	wireless			1	1752	H81M-S2PH	Intel(R) Core(TM) i3-4170 CPU @ 3.70GHz	4096	HDD		0	
1144980630	SW-BEHVARZI2	switch	Cisco 2960	192.168.176.215	192.168.176.215	d4d748a50240	wireless			0	1764						0	
2174749544	SW-BEHVARZI1	switch	Cisco 2960	192.168.176.216	192.168.176.216	0019e84470c0	wireless			0	1764						0	
7438806134	SW-BEHVARZI3	switch	Cisco 2960	192.168.176.217	192.168.176.217	002698b74e40	wireless			0	1764						0	
0669782348	MA-AL-DIC2	pc	7 Windows	192.168.175.189	192.168.175.189	50e549cc2dc8	wireless			1	1752	H61MA-D2V	Intel(R) Core(TM) i3-2100 CPU @ 3.10GHz	2048	HDD		0	
1032493646	MA-ALGH-DIDEVAR	pc					wireless			0	170						0	
3153121492	MA-AL-LAB1	pc	10 Windows	192.168.175.184	192.168.175.184	18c04d11e302	wireless			1	1752	H310M S2H 2.0	Intel(R) Core(TM) i3-9100 CPU @ 3.60GHz	8192	HDD		0	
2668126833	MA-SERAJ1	pc	10 Windows	192.168.175.188	192.168.175.188	04d9f5ae3e2c	wireless			1	1752	PRIME H310M-C R2.0	Intel(R) Core(TM) i3-8100 CPU @ 3.60GHz	4096	HDD		0	
3881269995	AP-BEHVARZI	wireless		192.168.176.248	192.168.176.248	488f5aab2592	wireless			0	1764						0	
1401969782	CP-BEHVARZI	wireless		192.168.176.249	192.168.176.249	488f5aab254a	wireless			0	1764						0	
5366039234	TIMEX-M5	timex		192.168.176.30	192.168.176.30	0017611121e1	wireless			0	1761						0	
2624287132	MA-AM-DRUG	pc	10 Windows	192.168.175.40	192.168.175.40	708bcd82106c	wireless			1	1751	H110M-C	Intel(R) Core(TM) i3-6100 CPU @ 3.70GHz	4096	HDD		0	
7023318267	MA-GOSTARESH6	pc	10 Windows	192.168.165.74	192.168.165.74	50e549cc2daf	fiber	sw-e	Fa0/1	1	165	H61MA-D2V	Intel(R) Core(TM) i3-2100 CPU @ 3.10GHz	4096	SSD		0	
7243730246	MA-BEHVARZI9	pc	7 Windows	192.168.176.200	192.168.176.200	50e549861b44	wireless			1	1764						0	
5148696736	AP-N	wireless		192.168.176.61	192.168.176.61	6c3b6b5dbe28	fiber			0	1761						0	
4012293251	DARMANGAH-SHOMARE5	wireless		192.168.176.62	192.168.176.62	c4ad3452544c	wireless			0	1761						0	
4615376353	MA-BEHVARZI-C1	pc	10 Windows	192.168.176.208	192.168.176.208	408d5c9cbaa7	wireless			1	1764						0	
1040002322	MA-BEHVARZI-C10	pc	10 Windows	192.168.176.212	192.168.176.216		wireless			1							0	
1353882859	MA-BEHVARZI10	pc	7 Windows	192.168.176.221	192.168.176.5		wireless			1							0	
3649407637	MA-BEHVARZI-C12	pc	7 Windows		192.168.175.34		wireless			1							0	
4185389917	MA-BEHVARZI-C2	pc	7 Windows	192.168.176.219	192.168.176.219	50e5498665fe	wireless			1	1764						0	
9978726981	MA-BEHVARZI-C3	pc	10 Windows	192.168.176.214	192.168.176.214	18c04db2a323	wireless			1	1764	H310M S2H	Intel(R) Core(TM) i3-9100 CPU @ 3.60GHz	4096	HDD		0	
7337465460	MA-BEHVARZI-C4	pc	10 Windows	192.168.176.194	192.168.176.194	408d5c9b40d3	wireless			1	1764						0	
6751146667	MA-BEHVARZI-C5	pc	10 Windows	192.168.176.211	192.168.176.211	408d5c9cbaa5	wireless			1	1764						0	
1743337262	MA-BEHVARZI-C6	pc	10 Windows	192.168.176.195	192.168.176.195	408d5c9cbaa3	wireless			1	1764	H81M-S2PH	Intel(R) Core(TM) i3-4170 CPU @ 3.70GHz	4096	HDD		0	
8463246616	MA-BEHVARZI-C7	pc	10 Windows	192.168.176.199	192.168.176.203		wireless			1							0	
7086221600	MA-BEHVARZI-C8	pc	10 Windows	192.168.176.196	192.168.176.198		wireless			1							0	
0041368464	MA-BEHVARZI-C9	pc	10 Windows	192.168.176.218	192.168.176.30		wireless			1							0	
8948177824	POS-DARESAJIN	pos		192.168.176.78	192.168.176.78	cc4d7404d4bc	wireless			0	1762						0	
4616784038	MA-BIGLAR-LAP	pc		192.168.165.99	192.168.165.99	3859f91243b5	fiber			0	165	 	 	 			0	
6239387026	POS-M5	pos		192.168.176.8	192.168.176.8	cc4d7404e6b8	wireless			0	1761						0	
7346583322	MA-BIMAVAGIR2	pc	10 Windows	192.168.165.51	192.168.165.51	1c6f65556087	fiber	sw-13	Gi1/0/41	1	165	P41T-D3	Pentium(R) Dual-Core  CPU      E5500  @ 2.80GHz	2048	HDD		1	
8014755843	MA-BKH1	pc	10 Windows	192.168.165.45	192.168.165.45	50e54926536a	fiber	sw-b	Fa0/3	0	165	H61M-S2V-B3	Intel(R) Core(TM) i3-2100 CPU @ 3.10GHz	2048	HDD		0	
8034029554	MA-BKH3	pc	10 Windows	192.168.165.47	192.168.165.47	6cf049d61f0e	fiber	sw-b	Fa0/15	1	165	P41T-D3	Pentium(R) Dual-Core  CPU      E5400  @ 2.70GHz	4096	HDD		0	
6125880550	MA-CHARGAR1	pc	10 Windows	10.100.252.237	192.168.1.101	50e5498687e8	shams			0		H61M-S2P-B3	Intel(R) Core(TM) i3-2100 CPU @ 3.10GHz	4096	SSD		0	
6527314397	POS-GHERVE	pos		192.168.176.84	192.168.176.84	383c9c4b665e	wireless			0	1762						0	
4258930640	POS-SHARIFABAD	pos		192.168.176.85	192.168.176.85	383c9c1de359	wireless			0	1762						0	
1712710318	MA-CHARG-FORIAT	pc					-			0							0	
5786759979	MA-EM-FORIAT1	pc		192.168.166.149	192.168.166.149		wireless			0							0	
3795669249	MA-EM-FORIAT2	pc					wireless			0							0	
1618066617	MA-EM-FORIAT3	pc					wireless			0							0	
6703325646	MA-GH-FORIAT	pc					shams			0							0	
8662428687	MA-HA-DRUG	pc	10 Windows	192.168.175.183	192.168.175.183	408d5c96ee46	wireless			1	1752	H81M-S2PH	Intel(R) Core(TM) i3-4170 CPU @ 3.70GHz	4096	HDD		0	
3202166802	MA-HESABDAR1	pc	10 Windows	192.168.165.70	192.168.165.70	708bcd817ba1	fiber	sw-a	Fa0/21	0	165	H110M-C	Intel(R) Core(TM) i3-6100 CPU @ 3.70GHz	4096	SSD		1	
0023548258	MA-HI-FORIAT	pc					shams			0							0	
0511241192	MA-HI-TAGHZIE	pc		192.168.175.7	192.168.175.7		wireless			1	1751						1	
2485561494	MA-IT1	pc	Server 2025	192.168.165.4	192.168.165.4	e89c25138131	fiber	sw-f	Gi1/0/6	0	165	PRIME H610M-R D4	12th Gen Intel(R) Core(TM) i5-12400	16384	SSD		0	
0894084201	MA-IT-LAP	pc	11 Windows	192.168.165.100	192.168.165.100	9439e5db500f	fiber	sw-13	Gi1/0/46	0	165	0FXK2Y	Intel(R) Core(TM) i5-2430M CPU @ 2.40GHz	8192	HDD		0	
7013736830	MA-KABOOD2	pc	7 Windows	100.80.16.118	192.168.255.3	50e54986d9ef	hiweb			0		H61M-S2P-B3	Intel(R) Core(TM) i3-2100 CPU @ 3.10GHz	2048	HDD		0	
2386431854	MA-KG4	pc	10 Windows	192.168.165.43	192.168.165.43	902b34748c98	fiber	sw-a	Fa0/11	0	165	H61M-S2P	Intel(R) Celeron(R) CPU G550 @ 2.60GHz	4096	SSD		0	
0890949089	MA-KGB	pc	10 Windows	192.168.165.75	192.168.165.75	50e549cc2814	fiber	sw-b	Fa0/9	0	165	H61MA-D2V	Intel(R) Core(TM) i3-2100 CPU @ 3.10GHz	4096	HDD		0	
7295450193	MA-M5-P1-4	pc	10 Windows	192.168.176.13	192.168.176.13	408d5c2c8bc1	wireless			1	1761	H81M-S2PH	Intel(R) Core(TM) i3-4170 CPU @ 3.70GHz	4096	HDD		0	
3804404003	MA-NOORIN3	pc	10 Windows	100.80.16.79	192.168.255.23	408d5c96f655	hiweb			0		H81M-S2PH	Intel(R) Core(TM) i3-4170 CPU @ 3.70GHz	4096	HDD		0	
7135669744	MA-SA-FORIAT	pc					shams			0							0	
4265137020	MA-SA-P2-5	pc	7 Windows	10.100.252.88	192.168.1.125	50e549cc25ab	shams			0		H61MA-D2V	Intel(R) Core(TM) i3-2100 CPU @ 3.10GHz	2048	HDD		0	
9918676176	MA-SH2-FORIAT	pc					shams			0							0	
6797970129	MA-SH-P1-3	pc	10 Windows	192.168.176.135	192.168.176.135	408d5c93702f	wireless			1	1763						0	
4233822426	MA-SH-P3-1	pc	10 Windows	192.168.166.144	192.168.166.144	408d5c96ee51	wireless			1	166	H81M-S2PH	Intel(R) Core(TM) i3-4170 CPU @ 3.70GHz	4096	HDD		0	
0775202047	MA-SH-P3-2	pc	10 Windows	192.168.166.142	192.168.166.142	408d5c96eb09	wireless			1	166	H81M-S2PH	Intel(R) Core(TM) i3-4170 CPU @ 3.70GHz	4096	HDD		0	
1174543268	MA-SH-P3-3	pc	10 Windows	192.168.166.148	192.168.166.148	408d5c96f795	wireless			1	166	H81M-S2PH	Intel(R) Core(TM) i3-4170 CPU @ 3.70GHz	4096	HDD		0	
3547110504	MA-TAGHZIE1	pc	10 Windows	192.168.165.110	192.168.165.110	408d5c96f610	fiber	sw-b	Fa0/1	0	165	H81M-S2PH	Intel(R) Core(TM) i3-4160 CPU @ 3.60GHz	4096	HDD		0	
4211923027	ma-hi-parastar	pc	7 Windows	192.168.175.6	192.168.175.6	001e8c13a123	wireless			0	1751						1	
0418283930	MA-CHARGAR3	pc	10 Windows			40b034f97754	shams			1							0	
9455650876	MA-MB	pc	10 Windows	192.168.165.94	192.168.165.94	e89c25c5f497	fiber	sw-b	Fa0/19	0	165						1	2025-04-20
6023402899	MA-HI-BH2	pc	7 Windows	192.168.175.3	192.168.175.3	fcaa141d8240	wireless			1	1751	H81M-S2PV	Intel(R) Pentium(R) CPU G3220 @ 3.00GHz	2048	HDD		0	
1750062174	MA-DO-NAZER	pc	10 Windows			50e549867fc5				0				2048			1	
0680102483	MA-AL-LAB-AB	pc		192.168.175.196	192.168.175.196	00221532f00e	wireless			1							1	
8150326198	ma-ha-p1-5	pc		192.168.175.190	192.168.175.190	000017d89520	wireless			1	1752						1	
8711323848	ma-ntopng	pc	Ubuntu	192.168.165.112	192.168.165.112	e89c25c5f44d	fiber	sw-f	Gi1/0/11	0	165						1	
9105640956	MA-SERAJ5	pc	10 Windows	192.168.175.198	192.168.175.198	b42e99501856	wireless			1	1752						1	
9394233542	MA-MB-LAP	laptop	10 Windows	192.168.165.85	192.168.165.85	1803739733b4	fiber	sw-c	Gi1/0/43	1	165						1	
9654245152	MA-RAVABET-LAP	laptop	10 Windows	192.168.165.115	192.168.165.115	f0038c88c349	fiber			0	165						1	
0088525442	MA-SHARIF-LAP	laptop	10 Windows				wireless			1							1	
1479892061	MA-DASHBOLAQ	pc	10 Windows				hiweb			0							1	
7133884287	MA-CHESHIN	pc	7 Windows				tci			0							1	
1229745560	SW-D	switch		192.168.165.14	192.168.165.14	28affda72a4d	fiber	sw-core		0	trunk						0	
4747075247	MA-17SH-DR2	pc	7 Windows				wireless			1	1752	H61M-S2P-B3	Intel(R) Core(TM) i3-2100 CPU @ 3.10GHz	2048	HDD		1	
0046139862	MA-ALG-LAB	pc	10 Windows				shams			1				8192			1	
5989473877	SW-F	switch		192.168.165.10	192.168.165.10		fiber	sw-core		0	trunk						0	
9808950107	MA-DRUG	pc	10 Windows	192.168.165.119	192.168.165.119	408d5c937077	fiber	sw-c	Gi1/0/26	1	165	H81M-S2PH	Intel(R) Core(TM) i3-4170 CPU @ 3.70GHz	4096	HDD		1	2026-02-08
1076329211	MA-ZABBIX	vm	Ubuntu	192.168.165.180	192.168.165.180	00155da51329		sw-f	Gi1/0/2	0	165						1	
5954796044	MA-ALPINE	vm		192.168.165.188	192.168.165.188	00155da51331		sw-f	Gi1/0/2	0	165						1	
6544992892	MA-SW-17SH	switch		192.168.175.230	192.168.175.230		wireless			1	1752						1	
4860576637	MA-IT3	pc	10 Windows	192.168.165.125	192.168.165.125	38d547787a74	fiber	sw-f	Gi1/0/11	0	165						1	
4667904819	POS-TAJMI2	pos		192.168.176.145	192.168.176.145	383c9c95c8a7	wireless			0	1763						0	
8757794488	AB-17SH-BM1	pc		192.168.175.145	192.168.175.145		wireless			1	1752						1	
9785258294	POS-SAEEN2	pos		192.168.175.5	192.168.175.5	cc4d74089905	wireless			0	1751						0	
2652908314	MA-17SH-LAB6	pc	7 Windows			74d435d38a61	wireless			1	1752						1	
3908766996	MA-DOCKER	vm	Ubuntu	192.168.165.182	192.168.165.182	00155da51338	fiber	sw-f	Gi1/0/2	1	165						1	
